{"Ag": {"0": {"DFT": [0.0, 0.041333271550804795, 0.13414079193132977, 0.2291883733757274, 0.295257846963203, 0.31759228012625584, 0.29500552540638125, 0.22866593151763936, 0.13359948297355828, 0.0408991425739913, -8.802493667303679e-06], "NEP": [0.0, 0.03967206169033233, 0.1287666330731767, 0.2245521729949047, 0.29551985906653755, 0.321142559433909, 0.2952409908803304, 0.2240597464943761, 0.12822113901991372, 0.039267185130967164, 1.3275586070449208e-06]}, "1": {"DFT": [0.0, 0.07519178389061665, 0.22163696823681178, 0.3506280599423057, 0.43395483547812574, 0.4617845758638204, 0.43364301371574854, 0.3500014962929754, 0.2208746502565333, 0.07446429765967366, 4.66567390233763e-06], "NEP": [0.0, 0.07779479400135614, 0.22656508916834994, 0.36016368985734104, 0.4485092416393641, 0.47808819220695753, 0.44817909066797057, 0.3595318121103013, 0.2257488820849396, 0.07705208556456, 2.683499374711573e-06]}}, "Al": {"0": {"DFT": [0.0, 0.05077457711258404, 0.16244775221323238, 0.2805374950232604, 0.35578795188953904, 0.38104911520630935, 0.3556589128842944, 0.28028414949462643, 0.16212647116480383, 0.050534735781056384, 3.0983962062691717e-07], "NEP": [0.0, 0.04863610212672853, 0.15568448640107135, 0.2579246186480688, 0.3227395551603749, 0.3440508965096427, 0.32262841815071397, 0.257701057203235, 0.15539076012426278, 0.04840402884510553, 3.547485647459325e-07]}, "1": {"DFT": [0.0, 0.06290180228474185, 0.18667252443862736, 0.29124556509445654, 0.35665668444163146, 0.3767628764095008, 0.3565521611141378, 0.29101635823371197, 0.18636571536623592, 0.06260355033383291, 1.705543120067432e-06], "NEP": [0.0, 0.06643114514355375, 0.19108705215662525, 0.2846145682864645, 0.3303636351814845, 0.3428160464249217, 0.3302948976760547, 0.2844376047860777, 0.19078294113242578, 0.0661299348758746, 5.091228061360198e-07]}}, "Au": {"0": {"DFT": [0.0, 0.03531145700367233, 0.11232258449999932, 0.18913176602904969, 0.24193616860480915, 0.2607157955788537, 0.24224035931302268, 0.189689108655287, 0.1130135980467557, 0.03587038832358047, -6.118075383199084e-06], "NEP": [0.0, 0.04341854652159327, 0.13930979287749068, 0.23668406763260208, 0.3013079600243245, 0.3226279245295345, 0.30166419931585153, 0.2373925043172207, 0.1401752442399058, 0.0440820787964995, 3.302582612718652e-06]}, "1": {"DFT": [0.0, 0.05669806421764889, 0.1610403830424616, 0.24007182015876793, 0.2878038835851342, 0.30373533806770325, 0.2880613665599796, 0.240598494723109, 0.16182076973601767, 0.05753200942679371, 6.865347927487164e-06], "NEP": [0.0, 0.06844108255465642, 0.19565122508244315, 0.3003483018531554, 0.35767267325003615, 0.3735653002165904, 0.3579550690039497, 0.30103241650633095, 0.1966785266259734, 0.0694268472044115, 5.516993454079966e-06]}}, "Cu": {"0": {"DFT": [0.0, 0.06512815190139776, 0.21831565207084225, 0.3818947389038527, 0.4986462654298123, 0.5405139044786438, 0.49826995196586665, 0.38122334772525335, 0.21753594011183708, 0.06457010741014813, 2.3916142311009025e-06], "NEP": [0.0, 0.060360801805643405, 0.2107606177820074, 0.37904531209110814, 0.49988249996703615, 0.5427901061770939, 0.4994947171195676, 0.378348038426914, 0.20997237790160028, 0.05983486803048521, 1.3185400717929951e-06]}, "1": {"DFT": [0.0, 0.12723967905471767, 0.3902549426063331, 0.6304440044002604, 0.7889705246093399, 0.8433569601393529, 0.788493120833202, 0.6295171273096258, 0.38905251643464567, 0.12619476302074162, 3.3778497297021204e-06], "NEP": [0.0, 0.12431235958445797, 0.3954359743389375, 0.6507380323849787, 0.815264895913387, 0.8718599240488061, 0.8147552552868547, 0.6497668402518926, 0.39414788496178943, 0.12328399947332969, 2.777764940731231e-06]}}, "Ni": {"0": {"DFT": [0.0, 0.09301905282639211, 0.3047712720168363, 0.5218704469104978, 0.672110496254561, 0.7240271668710534, 0.6709659742923009, 0.5197610693651882, 0.30223385082267384, 0.09113552660781465, 2.2450781230531902e-05], "NEP": [0.0, 0.0961181377534075, 0.32120115086861745, 0.5598633573834775, 0.7289138315745589, 0.7871943607633085, 0.7276226096140164, 0.5574995114035914, 0.3184565921338276, 0.09415025894946893, 1.2413618790674263e-05]}, "1": {"DFT": [0.0, 0.1773099935727771, 0.5371078013700554, 0.8656672331643307, 1.0763216482544493, 1.1464692345807492, 1.0747645944236979, 0.8626136512159377, 0.5330657889947332, 0.1738395923199647, 4.1610003876257906e-05], "NEP": [0.0, 0.17137005813995643, 0.5554388779341224, 0.9198150156695277, 1.1350641539350619, 1.198761962842056, 1.1335880054286918, 0.9165208142038352, 0.5509420332991937, 0.1678991226935409, 2.2394997870378575e-05]}}, "Pb": {"0": {"DFT": [0.0, 0.01964205886330106, 0.06189100981808693, 0.10274385268311192, 0.12788936846098053, 0.13681296132752863, 0.12793413599007764, 0.10283324334466215, 0.062007654889210784, 0.019734196716694186, -7.164998017117341e-07], "NEP": [0.0, 0.016098519719022875, 0.05042840565791096, 0.08127464970980469, 0.09895334382712306, 0.10506175790208516, 0.09898386603008902, 0.08133819204100234, 0.05052161388776355, 0.016175184697431177, 1.2305449104133004e-07]}, "1": {"DFT": [0.0, 0.03235145103472803, 0.0978122169640514, 0.14793716587848849, 0.1796233795569222, 0.19046585980970931, 0.17967853503390074, 0.14804752906899665, 0.09797262436316245, 0.03250544441729275, 1.6399114350917898e-06], "NEP": [0.0, 0.027388289726673065, 0.07848763873155207, 0.11747085164000381, 0.13791595436839543, 0.14500280695175505, 0.13794994899743784, 0.11754641455110715, 0.07861382995954713, 0.027512369624410837, 2.1389832127738373e-07]}}, "Pd": {"0": {"DFT": [0.0, 0.06766871220904136, 0.21607908065466574, 0.3605996281074937, 0.4540106308694618, 0.48382293323676606, 0.449755486925838, 0.3554755460166774, 0.2133910212963599, 0.0692318209951992, 0.006485679533085431], "NEP": [0.0, 0.05959489214204439, 0.20579838235165937, 0.3666049518418504, 0.48217141150611553, 0.5237179635121123, 0.4822756732318396, 0.3674026584165091, 0.20901306878036507, 0.0657132690092368, 0.007472466612895801]}, "1": {"DFT": [0.0, 0.12611209933018586, 0.3760626302056096, 0.5937961130333065, 0.7271393581839618, 0.7699442694606091, 0.7275773320219088, 0.594663530158769, 0.3772867822549699, 0.1271988439773537, -5.057434862010268e-07], "NEP": [0.0, 0.1332142451122138, 0.41043346550162596, 0.6573140578415533, 0.8087277995956583, 0.8596695016605338, 0.8092228958216268, 0.6582985412128366, 0.4118160693413415, 0.13439051764738963, 3.5542805107979802e-06]}}, "Pt": {"0": {"DFT": [0.0, 0.08452160306849521, 0.26266244395009153, 0.41738541368960114, 0.5089749164279738, 0.538700457045195, 0.5093391695121312, 0.41820175766680734, 0.2638088345035783, 0.08554027296207778, -5.4470553152441425e-06], "NEP": [0.0, 0.08732754430789669, 0.2842416734704898, 0.483640668444437, 0.6219987517912813, 0.670838261647404, 0.6226251198733905, 0.4847848634457961, 0.2856304987855225, 0.08838274700570992, 4.017899144059811e-06]}, "1": {"DFT": [0.0, 0.1305553469267693, 0.3637387650039585, 0.5239916665998692, 0.591254856371151, 0.6069106044013921, 0.5914886969077457, 0.5246829949974057, 0.3651473452456031, 0.13203470431281517, 3.952033630127971e-05], "NEP": [0.0, 0.1414611595984212, 0.40775379623060815, 0.6067613984362765, 0.707391443619855, 0.7366472765123433, 0.7077858642507948, 0.6077111254762428, 0.4093811280460642, 0.1430778970866271, 6.907154485702449e-06]}}, "Cr": {"0": {"DFT": [0.0, 0.16638612638470818, 0.5375105174612145, 0.8955996295192676, 1.1317313809593657, 1.2178190803150812, 1.1268436648842908, 0.8862961072026962, 0.5240551706071983, 0.15640703627317976, 0.0022940037267176194], "NEP": [0.0, 0.1787337699282716, 0.578953344299947, 0.9940622086984092, 1.2970191280449228, 1.402570623993853, 1.2890457142373748, 0.980314784414503, 0.5633828887104926, 0.16788303937647697, 0.0026925251708291853]}, "1": {"DFT": [0.0, 0.2627628939843163, 0.8230870357204907, 1.2981046560506542, 1.5345488417127342, 1.6043907321993203, 1.5338432515128488, 1.2963055971244586, 0.8201663429827164, 0.2603118463849228, 1.0620349115697536e-05],