{"Ag": {"volume": [12.988393278786, 13.873670761963396, 14.798287576223851, 15.76309892441703, 16.76896000939253, 17.816726034000006, 18.90725220108906, 20.04139371350938, 21.220005774110525, 22.44394358574222, 23.714062351254], "DFT": [0.7471085199999998, 0.4253500374999999, 0.21056983999999979, 0.0802812399999997, 0.010206722499999987, -0.010331270000000004, 0.0057175725000000455, 0.04918227999999969, 0.11297786999999992, 0.19058915749999983, 0.2778703724999998], "NEP": [0.748716995271951, 0.4312940970766448, 0.219426649939936, 0.08820359526444488, 0.019962686237016136, 0.0, 0.01662933429696878, 0.05966175349988312, 0.12141229174129009, 0.19723362657170096, 0.28336479957239824]}, "Al": {"volume": [12.063693057243015, 12.885943789744857, 13.744733115616029, 14.64085535210794, 15.57510481647201, 16.548275825959703, 17.561162697822386, 18.614559749311564, 19.709261297678598, 20.846061660174957, 22.025755154052035], "DFT": [0.5196721375000002, 0.31064405500000003, 0.1657488100000002, 0.07391674999999998, 0.015411250000000098, -4.75124999996801e-05, 0.014073965000000133, 0.05045211250000037, 0.10620186000000009, 0.17713832000000007, 0.25870918750000005], "NEP": [0.5130716356140308, 0.30242152970981895, 0.15701801948297955, 0.06424861536320936, 0.014469365528042566, 1.0754832035608786e-05, 0.013903633363391066, 0.05055410557819773, 0.10531953935118121, 0.17506690754987897, 0.2568372570781863]}, "Au": {"volume": [13.102221111480638, 13.995257026632187, 14.927977037714252, 15.901243842489276, 16.91592013871967, 17.97286849449588, 19.07295186168556, 20.21703281351417, 21.40597404774412, 22.64063811088841, 23.92188799755465], "DFT": [1.1425330850000002, 0.6419802375000003, 0.30797044500000004, 0.10986182000000033, 0.002615470000000286, -0.028650137499999673, -0.003435232499999774, 0.06398603500000011, 0.16161462250000014, 0.2801718700000002, 0.4106075174999999], "NEP": [1.1295591457282539, 0.6473653657019343, 0.32686847534732344, 0.1304888865880649, 0.02946265723086583, 5.553988895456996e-07, 0.023686531325926907, 0.08757944896932734, 0.18424846762353475, 0.30764276587042794, 0.4512153975875801]}, "Cu": {"volume": [8.710944137385942, 9.304674447895767, 9.924788523854852, 10.571859925386828, 11.246462212615295, 11.949168945663873, 12.680553684656177, 13.441189989715825, 14.231651309979595, 15.052511423317096, 15.904343783013752], "DFT": [0.7404202474999999, 0.4366580550000001, 0.22816751999999996, 0.09603545749999975, 0.02233814749999974, -0.0013653974999998653, 0.013166769999999772, 0.05767168750000007, 0.12523447249999986, 0.2101950549999998, 0.306083675], "NEP": [0.7404124390164712, 0.43520392844342837, 0.22319101034880084, 0.08970382748245598, 0.019660974688317623, 2.7776762537179422e-05, 0.018712088097133872, 0.06492626775873056, 0.13047533737051786, 0.21147256068428177, 0.30459165738863625]}, "Ni": {"volume": [7.886551844929872, 8.424092270615981, 8.985519616000884, 9.571353000296806, 10.182111780812379, 10.818315329055453, 11.480482742939392, 12.169133390311316, 12.884786654105069, 13.627961609603927, 14.39917763585913], "DFT": [0.9177668424999998, 0.5383450774999998, 0.2781483825000004, 0.1137300450000005, 0.026312940000000395, -0.0010432324999998244, 0.021930020000000106, 0.08356738750000048, 0.1749780000000003, 0.2896809825000002, 0.42150608499999986], "NEP": [0.9139646106997921, 0.5413749301361399, 0.28118780492105966, 0.11433514148870305, 0.02544443564864185, 3.6726270892017965e-05, 0.02547508644459917, 0.0907670181348843, 0.1858640694863718, 0.3022313381325743, 0.4345251882247414]}, "Pb": {"volume": [23.210044139402306, 24.792020335791374, 26.44429543130184, 28.16839733091069, 29.965854428560842, 31.838194957510034, 33.78694734853117, 35.813639447673204, 37.9197996780393, 40.106956272887146, 42.37663746547453], "DFT": [0.5501114375, 0.3216137999999997, 0.16228308999999985, 0.06065044750000004, 0.0059413875000000616, -0.012780002499999998, -0.003418830000000206, 0.027678392499999926, 0.09121562750000001, 0.15263735999999994, 0.22650775000000012], "NEP": [0.5459220288671567, 0.3163968476485737, 0.16101453529819665, 0.06516153524984958, 0.015087011488164492, 1.0571524420299738e-06, 0.013881869934860624, 0.05183110169658267, 0.10950288994356683, 0.1828998207611754, 0.2682611127135326]}, "Pd": {"volume": [11.153629758551709, 11.913851390672887, 12.707855211779442, 13.536375617302303, 14.400147002672446, 15.299903646847339, 16.236380173499374, 17.210310866198355, 18.222430120375307, 19.273472331461093, 20.36417175395382], "DFT": [1.14453828, 0.657821245, 0.32903428500000054, 0.12491318000000007, 0.01863600500000029, -0.009555497500000065, 0.017052262500000026, 0.08793586999999992, 0.19140304500000038, 0.3179678949999998, 0.46082266750000045], "NEP": [1.1587818238554402, 0.6655840203351264, 0.33380296081658845, 0.1323526555044463, 0.02995792921046725, 3.341064716444464e-06, 0.02619460492154868, 0.09481392960816315, 0.1946347403860207, 0.31649400103191105, 0.45393491621547355]}, "Pt": {"volume": [11.36551153241171, 12.14017482716356, 12.949262058664427, 13.793521464674415, 14.67370160446874, 15.590550720289388, 16.54481715859356, 17.53724926583849, 18.568595388481405, 19.639603872979524, 20.751023065790022], "DFT": [1.7489078275, 1.0127457949999998, 0.5126041450000001, 0.20038578750000013, 0.0362207699999999, -0.013150697500000419, 0.025717769999999973, 0.13128201249999982, 0.2864707924999994, 0.47724592500000007, 0.6933554524999996], "NEP": [1.7393590120221942, 1.0096688044329465, 0.5171143320695366, 0.21164898602458226, 0.0494348744558879, 7.078503484692078e-06, 0.0397066011864462, 0.14704563228140533, 0.30287175685251366, 0.49212577510542754, 0.7068696474712786]}, "Cr": {"volume": [8.403884760229118, 8.976686147020992, 9.574941380867264, 10.1992035938005, 10.850026230815097, 11.527962634059154, 12.233566145680784, 12.967390239253609, 13.729987999178158, 14.521912894021836, 15.34371826593273], "DFT": [1.165181415000001, 0.6862031950000009, 0.35168097500000073, 0.13645089500000118, 0.020249299999999693, -0.014978485000000319, 0.01691885500000012, 0.1038659500000012, 0.23532162999999962, 0.40221241000000063, 0.5971199299999999], "NEP": [1.2057138610258118, 0.706062974567244, 0.36836308216688884, 0.15639054622025483, 0.03974007822974457, 6.200605164075057e-05, 0.03154075493467445, 0.12567089625130023, 0.2711452481404404, 0.4540076366658887, 0.6614812792200251]}, "Mo": {"volume": [11.49810943153758, 12.281810467578898, 13.100337052431398, 13.954446263235326, 14.844895177130944, 15.772440871258514, 16.737840422758293, 17.741850908770537, 18.785229406435477, 19.868732992893396, 20.993118745284537], "DFT": [1.6511391450000001, 0.9788863599999988, 0.5182550349999993, 0.2205294699999989, 0.055324295000000134, -0.0026485300000000933, 0.03779395499999971, 0.15352671499999992, 0.330710354999999, 0.557539134999999, 0.8230875099999988], "NEP": [1.645941738848137, 0.9889199242369404, 0.5186919428496477, 0.21508732095055194, 0.0497638606615034, 7.755492925198837e-06, 0.04569589321935652, 0.1684245214197393, 0.353184250217657, 0.588993152912856, 0.8675748826709544]}, "Ta": {"volume": [13.349703320910718, 14.259607506931538, 15.209945227312163, 16.20159560882474, 17.23543764424519, 18.312350326349506, 19.433212647913653, 20.598903601713566, 21.810302180525238, 23.068287377124598, 24.37373818428766], "DFT": [1.3448786650000013, 0.8082743350000001, 0.42475434000000156, 0.18204101000000072, 0.04129087500000139, -0.0034657199999994504, 0.03431454000000045, 0.1419454050000013, 0.31411874500000003, 0.5232575400000012, 0.7714609250000013], "NEP": [1.348927721339649, 0.8045472458560301, 0.4212292994567637, 0.17436969264094415, 0.040096226648726585, 3.541262524464628e-05, 0.04078648082338354, 0.14954840159813898, 0.3127606804216416, 0.5193243771960994, 0.7617924333301378]},